0,1
02617.png,0.09293383
09778.png,0.3054881
08828.png,0.35138267
10224.png,0.086699486
01460.png,0.23045988
05552.png,0.35603487
11099.png,0.46319634
08523.png,0.4532273
04858.png,0.19310409
13625.png,0.7711556
08817.png,0.69063497
06487.png,0.21604237
10999.png,0.47628772
11038.png,0.04737696
06129.png,0.20934933
05463.png,-0.02318412
00090.png,0.71802115
01585.png,0.11803013
05717.png,0.46147013
07041.png,0.3710928
09126.png,0.5956974
09854.png,0.34445763
05225.png,0.67484
03861.png,0.6132615
10914.png,0.17022818
07892.png,0.10558236
06554.png,0.42296386
09381.png,0.71774995
02952.png,0.16823405
06892.png,0.42060784
10782.png,0.60578066
11525.png,0.6081028
03254.png,0.4530741
03345.png,0.35218537
04777.png,0.24624182
04683.png,0.13284287
11885.png,0.34867755
01245.png,0.41817817
00976.png,0.28691924
03480.png,0.572782
10137.png,0.32224786
07349.png,0.28355718
05033.png,0.5502342
00974.png,0.21712327
01550.png,0.72298646
03522.png,0.62658
11007.png,0.2769232
08379.png,0.4676895
04874.png,-0.012936592
02359.png,0.3460325
07559.png,0.27044877
02017.png,0.1311442
08307.png,0.480713
04138.png,0.46069735
05013.png,0.44631708
10341.png,0.510054
00582.png,0.6840123
08843.png,0.164657
09548.png,0.6154721
02999.png,0.009310365
12384.png,0.413624
11955.png,0.5367941
00046.png,0.5756869
00098.png,0.8012787
02483.png,0.46047843
05609.png,0.27407295
00083.png,0.43044433
04701.png,0.21424842
10206.png,0.4470816
02818.png,0.12449944
13927.png,0.4342007
02152.png,0.23573633
01498.png,0.6301542
11975.png,0.39287558
10183.png,0.45989466
12323.png,0.5074142
05369.png,0.15432265
00066.png,0.78625166
02327.png,0.17198905
02272.png,0.36543688
10228.png,0.76170754
10233.png,0.53362995
02553.png,0.55241656
13597.png,0.6321033
03840.png,0.19955531
02664.png,0.38793895
11707.png,0.3765785
09128.png,0.54248905
07055.png,0.30562192
00332.png,0.6279776
09275.png,0.43878204
12635.png,0.13589737
02554.png,0.1402837
04209.png,0.56107587
12183.png,0.08504698
08243.png,0.3734273
08800.png,0.2177921
10482.png,0.366355
09636.png,0.5104699
04126.png,0.42775562
02141.png,0.17886734
10415.png,0.19622827
00298.png,0.72533286
06971.png,0.39458948
00598.png,0.602198
06423.png,0.26486373
03955.png,0.5334464
07785.png,0.7273828
10186.png,0.548424
09074.png,0.48899546
10081.png,0.33330077
13566.png,0.70525646
13274.png,0.3258115
13609.png,0.4782053
06092.png,0.31439012
00489.png,0.7045964
10813.png,0.4777532
12904.png,0.15567386
00558.png,0.6917697
06290.png,-0.052411616
00634.png,0.8987088
05949.png,0.41372985
04546.png,0.26135212
05481.png,0.059322774
02385.png,0.66101444
01029.png,0.5574305
06165.png,0.14844453
04677.png,0.12273386
12982.png,0.34177455
02520.png,0.28001174
06828.png,0.43755132
12665.png,0.53735137
08133.png,0.4833474
12636.png,0.23688017
06802.png,0.44217366
05101.png,0.5552453
08127.png,0.057201236
12344.png,0.18770334
12057.png,0.1772117
11113.png,0.25014246
01753.png,0.3635714
03151.png,0.39059415
12191.png,0.48544675
12870.png,0.22670381
13200.png,0.31411615
05172.png,0.19655696
08960.png,0.7589458
13471.png,0.49510407
12343.png,0.35843837
04134.png,0.54922295
10434.png,0.12589803
00579.png,0.69280976
06132.png,0.31159347
11405.png,0.31532055
08937.png,0.6728404
02228.png,0.39200985
12287.png,0.2363156
13346.png,0.62001055
03355.png,0.7072142
02535.png,0.3985427
00799.png,0.3309829
11911.png,0.5031767
12292.png,0.3006031
12580.png,0.54483956
03909.png,0.13655138
04413.png,0.23060133
03083.png,0.04646659
07215.png,0.22327195
07850.png,0.53366923
07019.png,0.3810271
12060.png,0.19511822
04534.png,0.23810105
03635.png,0.44920582
09049.png,0.9204582
06551.png,0.26060146
02395.png,0.45775634
10579.png,0.6576892
06379.png,0.33205974
09197.png,0.07314232
01364.png,0.24673492
11422.png,0.33953586
11377.png,0.20819142
11447.png,0.3877386
13548.png,0.80101955
08562.png,0.6864271
13745.png,0.7041099
01789.png,0.06689972
05530.png,0.47621638
00556.png,0.90132624
02082.png,0.29998168
03991.png,0.528731
11461.png,0.28366223
06378.png,0.72212446
12435.png,0.23050307
00733.png,0.5584835
06840.png,0.3768533
08610.png,0.33841324
10714.png,0.12777272
13536.png,0.52835566
12538.png,0.17544097
05187.png,0.24017066
03388.png,0.44079983
05147.png,0.4273663
08687.png,0.62142193
08028.png,0.050955683
08157.png,0.5583154
02980.png,-0.018927038
10888.png,0.57301974
04324.png,0.42151502
02625.png,0.1372602
07604.png,0.4575784
02774.png,0.54548544
09975.png,0.53812736
06005.png,0.44998875
13834.png,0.64172053
01738.png,0.37405467
12506.png,0.636538
10420.png,0.18650597
11189.png,0.42306435
09749.png,0.1767166
02213.png,0.27940816
04092.png,0.499992
08447.png,0.37919548
00503.png,0.6789505
05473.png,0.24575435
12937.png,0.22282879
11988.png,0.31231672
00343.png,0.79253095
01899.png,0.5691555
00477.png,0.7095907
09403.png,0.23242466
03197.png,0.09494829
12099.png,0.6204415
05306.png,0.57519364
01870.png,0.4959609
09023.png,0.6920165
02101.png,0.12509534
11825.png,0.81353843
04755.png,0.24003834
02113.png,0.34327364
09021.png,0.65619266
04346.png,0.6322862
05063.png,0.6188905
13056.png,0.13298082
08606.png,0.26928192
11036.png,0.12215328
12797.png,0.25522023
00122.png,0.7181881
02579.png,0.41799015
12461.png,0.33741504
06031.png,0.7429403
07439.png,0.550898
08105.png,0.160283
12133.png,0.7016636
03601.png,0.75036836
07169.png,0.41112998
09682.png,0.6089799
03192.png,0.14241448
02043.png,0.17838874
07989.png,0.31415743
09104.png,0.66066396
05500.png,0.0052726567
10427.png,0.19823423
03374.png,0.39075562
06706.png,0.5079292
09812.png,0.52516377
04637.png,0.15127537
13701.png,0.64614904
12495.png,0.18332863
00620.png,0.73654044
00148.png,0.71816325
10440.png,0.38637707
07904.png,0.48806375
12116.png,0.50169295
00850.png,0.33934438
06669.png,0.1805979
01775.png,0.5322638
00451.png,0.65509284
02031.png,0.54913616
04480.png,0.19169506
11708.png,0.60787
02690.png,0.27265978
08633.png,0.34198388
08457.png,0.56033295
02604.png,0.16942424
02702.png,0.29611725
06823.png,0.39880925
08439.png,0.3203091
01667.png,0.31181812
09629.png,0.4568475
08594.png,0.5347322
12844.png,0.42467436
07870.png,0.24146494
08317.png,0.5077181
03021.png,0.01774928
03093.png,0.4057096
08458.png,0.327546
09565.png,0.49517956
00577.png,0.80783415
12890.png,0.3628948
06466.png,0.21703699
03311.png,0.5219739
06073.png,0.20825541
05429.png,0.11686289
03597.png,0.5956627
09601.png,0.3586675
05285.png,0.23766439
00526.png,0.8040031
04428.png,0.30409217
10031.png,0.5630555
03699.png,0.8579118
06459.png,0.5686831
10218.png,0.22772512
02697.png,0.07243958
10755.png,0.5693093
04197.png,0.42526236
05350.png,0.5170405
02193.png,0.36574438
10018.png,0.3716296
00843.png,0.3614641
01091.png,0.18181786
04025.png,0.32282358
11138.png,0.23447616
11258.png,0.4768407
07974.png,0.6398032
01914.png,0.6009748
13005.png,0.28360018
12554.png,0.57656056
00839.png,0.36677402
09505.png,0.3930933
05842.png,0.28400126
10339.png,0.48390672
08915.png,0.6262742
12925.png,0.26198715
13494.png,0.39898992
00031.png,0.74875927
05406.png,0.06854382
05923.png,0.27093455
12157.png,0.5604452
11181.png,0.1524606
13556.png,0.7091547
02686.png,0.3501172
02365.png,0.47919583
04430.png,0.6181122
01427.png,0.58188874
06134.png,0.37036684
09149.png,0.6603754
05575.png,0.6940568
02095.png,0.18093026
08899.png,0.50510573
11798.png,0.5497192
08261.png,0.4077665
05760.png,0.23800138
08041.png,0.34050107
09138.png,0.62670535
09843.png,0.62845767
01359.png,0.6191809
07327.png,0.17317939
10414.png,0.038365126
08432.png,0.13016468
11310.png,0.424357
01328.png,0.58831716
09685.png,0.67975014
11170.png,0.35787898
05205.png,0.059698164
06547.png,0.47266853
10607.png,0.561828
11863.png,0.5487425
07898.png,0.024249613
00230.png,0.51952887
06279.png,0.43501663
05689.png,0.43862393
01150.png,0.6195512
07707.png,0.5250964
11112.png,0.39393947
07079.png,0.030945003
10648.png,0.28836152
09081.png,0.6250734
01563.png,0.24489614
07336.png,0.03587079
02919.png,0.06226766
04425.png,0.2601415
09347.png,0.43623847
07611.png,0.40334535
01453.png,0.7858483
01180.png,0.2688071
03873.png,0.5587165
09450.png,0.67093855
00624.png,0.73701584
10609.png,0.26077154
03472.png,0.4247827
06510.png,0.12641957
07587.png,0.037137926
02916.png,0.040863484
11201.png,0.1860263
09782.png,0.5260356
08236.png,0.60185105
02091.png,0.17522633
12661.png,0.31703544
05291.png,0.6443091
08210.png,0.6219987
01017.png,0.27634674
07564.png,0.09511641
12873.png,0.11037153
10894.png,0.054029733
03761.png,0.71957946
00334.png,0.8469124
00242.png,0.7971431
03025.png,0.053334564
09361.png,0.43865168
05488.png,0.45949763
04252.png,0.41788304
02305.png,0.101011336
12861.png,0.26792094
06307.png,0.4427694
10865.png,0.36557502
00144.png,0.62956536
12380.png,0.25314167
03234.png,0.8473116
04075.png,0.1329793
06491.png,0.2708719
03344.png,0.6708802
04446.png,0.22503577
10565.png,0.39375305
00146.png,0.70633686
12465.png,0.142842
08453.png,0.36761522
03050.png,0.0004121065
11578.png,0.3664918
11220.png,0.39482108
10438.png,0.13875031
07280.png,0.6351268
08195.png,0.22838734
12176.png,0.5848997
01529.png,0.3508192
05386.png,0.07711813
12177.png,0.5018264
06755.png,0.41392472
13255.png,0.5411882
05094.png,0.43947056
04330.png,0.3457197
12898.png,0.30993503
08257.png,0.16963595
09298.png,0.56351966
12391.png,0.034707367
06909.png,0.22709993
02465.png,0.2544595
03232.png,0.4693725
12266.png,0.18908921
03657.png,0.527928
04519.png,0.30832547
07277.png,0.2594381
10154.png,0.29342863
05816.png,0.317949
01090.png,0.5321241
02280.png,0.44670594
10044.png,0.29491293
12063.png,0.06535587
01156.png,0.3527426
02876.png,0.4109912
05198.png,0.4850591
06024.png,0.5845414
09098.png,0.47197127
04558.png,0.25211507
12387.png,0.2465651
07679.png,0.60359186
03857.png,0.7483132
06952.png,0.30525994
08134.png,0.26877463
09681.png,0.5692796
03789.png,0.6336899
01741.png,0.391239
06960.png,0.5733911
00955.png,0.2624209
04258.png,0.5049715
05007.png,0.4548469
02976.png,0.063504934
13651.png,0.81344074
06327.png,0.4760393
09662.png,0.48952508
08228.png,0.32957226
12871.png,0.3484252
02128.png,0.3900298
07527.png,0.39631897
09181.png,0.036921054
04247.png,0.67831206
02351.png,0.3865643
02641.png,0.23734173
12122.png,0.53121066
04840.png,0.2123234
04053.png,0.39024812
10082.png,0.45653406
02862.png,0.42585993
02369.png,0.22652702
07765.png,0.15258086
01597.png,0.4244953
09852.png,0.51871836
08952.png,0.68870723
11489.png,0.49292752
08079.png,0.43648407
07603.png,0.5305462
00124.png,0.5175105
04627.png,0.46817917
10364.png,0.7368516
12794.png,0.41171306
11233.png,-0.0013808608
07455.png,0.4337219
05235.png,0.29289722
02730.png,0.4598302
03172.png,0.60326743
11829.png,0.6759031
11583.png,0.22127807
01402.png,0.28366575
12624.png,0.13376963
03828.png,0.22169766
05939.png,0.0013275146
00126.png,0.49466172
13645.png,0.7095234
06403.png,0.6086239
00192.png,0.63153005
02946.png,0.1491194
00554.png,0.7110838
12265.png,0.45220542
02646.png,0.16010621
02669.png,0.081737965
12810.png,0.5050712
09418.png,0.4908378
05566.png,0.1985369
11516.png,0.11605546
09056.png,0.78550357
07070.png,0.10662079
08326.png,0.51587766
07343.png,0.48761153
10153.png,0.4624241
00633.png,0.6441049
08761.png,0.27599713
09091.png,0.6842748
09360.png,0.7382299
01683.png,0.45309326
04022.png,0.3245306
02457.png,0.22845565
09161.png,0.10554761
07212.png,0.4164753
05271.png,0.30561435
12061.png,0.24880238
03099.png,0.22198258
06978.png,0.3438865
01726.png,0.38830966
01351.png,0.8919514
01101.png,0.3041749
04132.png,0.466362
12821.png,0.3659495
09848.png,0.41060314
01088.png,0.4906746
01656.png,0.24938919
08109.png,0.33483124
05459.png,0.34870023
05373.png,0.27574337
02007.png,0.084356725
06025.png,0.53485036
06917.png,0.35758305
08399.png,0.6200049
11875.png,0.273876
03260.png,0.6992412
10560.png,0.1909894
05629.png,0.17673543
00712.png,0.27629352
10331.png,0.52043974
01098.png,0.6588397
13383.png,0.2991295
13305.png,0.48701844
10754.png,0.5341
07002.png,0.32083845
00910.png,0.3310639
07657.png,0.6386928
05927.png,0.25009
02450.png,0.3594526
01095.png,0.6923974
06999.png,0.23007467
07150.png,0.21947026
07621.png,0.47147706
10108.png,0.58214015
05647.png,0.41821045
13284.png,0.27585018
03079.png,0.33212715
08840.png,0.4782502
12106.png,0.052250624
01279.png,0.1349513
10015.png,0.6099125
11223.png,0.5078515
05989.png,0.6496908
04556.png,0.14258501
05583.png,0.36905545
07366.png,0.41742972
04136.png,0.1102829
06629.png,0.17601606
01819.png,0.5146566
11624.png,0.4703915
11014.png,0.30443645
02954.png,0.26910192
00927.png,0.3044622
13042.png,0.28548932
12642.png,0.46566865
11518.png,0.040223777
01624.png,0.27777642
04429.png,0.3123832
11330.png,0.2835225
12702.png,0.5788882
12273.png,0.2332216
04301.png,0.59320056
04749.png,0.36191273
04484.png,0.22041549
05055.png,0.44363552
10674.png,0.21000153
04139.png,0.56273496
02364.png,0.6030905
01523.png,0.6366618
07136.png,0.40161622
13932.png,0.5139863
05365.png,0.22387141
07861.png,0.30618125
07289.png,0.47353703
13893.png,0.7101365
08101.png,0.22514468
02470.png,0.37941936
03203.png,0.388508
08354.png,0.347317
02694.png,0.16292152
03277.png,0.733032
13699.png,0.7362493
10893.png,0.17990354
07912.png,0.66264516
04631.png,0.15884939
12783.png,0.19005963
01832.png,0.41018707
06048.png,0.25274378
11164.png,0.27113238
02813.png,0.24127007
01454.png,0.2745407
07266.png,0.6117486
01861.png,0.017637461
13956.png,0.5263484
08877.png,0.44549227
11344.png,0.4460126
06753.png,0.36705476
13682.png,0.6333387
08251.png,0.5019165
01087.png,0.72508085
08950.png,0.59871644
13490.png,0.55853003
12769.png,0.13336319
02464.png,0.1947467
06664.png,0.42871925
10317.png,0.1677073
10132.png,0.70781106
01764.png,0.35390863
13498.png,0.60876274
11512.png,0.21529302
07344.png,0.6892141
09544.png,0.3292517
01756.png,0.75990105
03037.png,0.04022804
08613.png,0.046853125
00399.png,0.5417787
06098.png,0.34562874
00221.png,0.6769117
09495.png,0.7207273
05724.png,0.5939329
10780.png,0.49400988
06398.png,0.13620394
00565.png,0.6222967
06434.png,0.24211536
09134.png,0.7659522
05057.png,0.51285577
11366.png,0.32792014
07490.png,0.27701384
13142.png,0.05385813
02915.png,0.37676853
07082.png,0.4586985
07457.png,0.40886036
06734.png,0.6126843
07693.png,0.2408182
01143.png,0.31914932
13221.png,0.17808068
01651.png,0.4698061
10852.png,0.13659039
05922.png,0.5599475
04288.png,0.44811502
01233.png,0.76975095
04344.png,0.62990034
01281.png,0.35969487
10882.png,0.30419707
00663.png,0.68432355
11694.png,0.48839203
05619.png,0.5494835
11039.png,0.10514563
01468.png,0.31268457
00138.png,0.42536545
02930.png,0.13785705
08499.png,0.4592821
06884.png,0.5565083
05536.png,0.37262696
08853.png,0.60377926
04802.png,0.3432533
03265.png,0.50596154
11701.png,0.44965774
07199.png,0.5090836
06193.png,0.16580054
11595.png,0.2393644
10902.png,0.49253458
03932.png,0.4157221
03899.png,0.6869364
06295.png,0.151395
04818.png,0.42533216
12025.png,0.13848013
07562.png,0.3336929
02560.png,0.34903
03831.png,0.5080076
07345.png,0.7490765
09765.png,0.4616095
13104.png,0.415737
13180.png,0.53987145
09257.png,0.39053503
11226.png,0.82204616
06924.png,0.38949272
08612.png,0.11393988
06284.png,0.2989008
04114.png,0.53396124
08340.png,0.53703797
08655.png,0.46517882
04308.png,0.09086412
09263.png,0.48969913
11733.png,0.89006627
03860.png,0.5972889
00536.png,0.6084802
04861.png,0.37925628
09512.png,0.7096816
09861.png,0.48352796
02943.png,0.06429008
13777.png,0.4026376
02861.png,0.2678688
11897.png,0.3726966
08553.png,0.55860996
11682.png,0.48194343
05929.png,0.40079743
03523.png,0.46385658
12014.png,0.11898616
03009.png,0.01435402
03735.png,0.80954134
13903.png,0.4610574
11588.png,0.33180308
07302.png,0.33440894
07049.png,0.5832327
05965.png,0.2040757
09473.png,0.43665355
08009.png,0.094212085
08688.png,0.64311457
10831.png,0.558151
10989.png,0.20367482
10953.png,0.16691181
04603.png,0.0071123242
04350.png,0.67218816
05454.png,0.40744305
04069.png,0.38895398
03071.png,-0.0046732128
03923.png,0.58663756
03827.png,0.4619724
09395.png,0.5151355
00253.png,0.54284745
01581.png,0.24664049
04954.png,0.37431782
08939.png,0.555938
06003.png,0.46462965
05061.png,0.73119295
04727.png,0.34334064
10113.png,0.47922686
08522.png,0.6883482
03253.png,0.6900791
06574.png,0.3614169
04422.png,0.18238884
00335.png,0.6930908
09879.png,0.26179945
11591.png,0.60539544
03978.png,0.43765512
13188.png,0.11194965
02445.png,0.34113964
04872.png,0.03802234
00312.png,0.8140787
08100.png,0.1274283
00713.png,0.15690124
07460.png,0.36807287
06396.png,0.24794011
03993.png,0.2771424
11066.png,0.20541605
02525.png,0.12056413
07953.png,0.21383241
13879.png,0.37382257
07443.png,0.4575646
10511.png,0.30029574
02238.png,0.37902555
02278.png,0.54563725
06977.png,0.31816763
06046.png,0.7112228
05613.png,0.51360893
03959.png,0.3270644
08528.png,0.62377393
13034.png,0.18597415
04211.png,0.66264796
04230.png,0.5725025
13304.png,0.57836205
08597.png,0.24106297
12638.png,0.24823947
09890.png,0.3583337
07529.png,0.0648548
10407.png,0.19452694
13140.png,0.14423767
05431.png,0.46357924
03683.png,0.39028713
10951.png,0.38725567
05366.png,0.23255424
07664.png,0.4882212
11903.png,0.45378044
10207.png,0.61704063
12868.png,0.18054962
06116.png,0.40320405
01457.png,0.44533572
06622.png,0.2287223
09199.png,0.47061574
13668.png,0.45677724
06848.png,0.115326315
13732.png,0.53084433
10591.png,0.28544602
12018.png,0.7228168
10275.png,0.6945733
11928.png,0.5247297
08022.png,0.019702703
01854.png,0.31494248
07757.png,0.33053792
11104.png,0.12724549
05472.png,0.28016135
05125.png,0.3465321
13390.png,0.6136196
01067.png,0.49271452
01607.png,0.5449613
12308.png,0.39185342
12109.png,0.24541226
09743.png,0.44392258
03639.png,0.4115056
00655.png,0.7672653
06760.png,0.3266818
01586.png,0.5114934
13420.png,0.16507763
04018.png,0.79399645
02049.png,0.5229873
13241.png,0.49505118
05928.png,0.47837883
11663.png,0.4828708
04608.png,0.2887568
08749.png,0.776641
01191.png,0.58767885
09644.png,0.43899393
07860.png,0.106182635
00651.png,0.9332051
07158.png,0.5255882
05963.png,0.23246385
07943.png,0.31778598
09647.png,0.4573295
08515.png,0.51131254
01783.png,0.37673372
03954.png,0.35024542
11200.png,0.063836634
09227.png,0.7015122
08273.png,0.5483638
11527.png,0.5040055
12336.png,0.21723565
05745.png,0.4489061
10837.png,0.37422138
01583.png,0.57579404
02995.png,0.114379615
08218.png,0.15073243
13684.png,0.5958403
11923.png,0.45775542
00309.png,0.79625356
06105.png,0.38976875
01568.png,0.13427746
08069.png,0.48099792
06456.png,0.043076128
11830.png,0.6369929
05002.png,0.46466666
11874.png,0.03360948
12736.png,0.79477334
10176.png,0.4810653
09679.png,0.37099943
05480.png,0.44555598
01379.png,0.48406819
10534.png,0.48055407
00347.png,0.6132838
05513.png,0.0367195
13477.png,0.6047747
10455.png,0.59648275
07847.png,0.3642841
03146.png,0.1973606
09628.png,0.32141432
03358.png,0.61099255
01556.png,0.62026435
13169.png,0.3223326
08227.png,0.32492828
09195.png,0.05590689
13412.png,0.59574974
01580.png,0.17560777
10998.png,0.48536402
00752.png,0.58249724
07238.png,0.44077373
07585.png,0.13828081
06912.png,0.51989347
09321.png,0.7059753
02804.png,0.17032611
07487.png,0.564597
00275.png,0.85148954
08999.png,0.4979884
11784.png,0.46130446
10458.png,0.279426
06351.png,0.5513002
09038.png,0.5253947
04782.png,0.23037587
04624.png,0.24345984
06296.png,0.520174
03213.png,0.19323653
06795.png,0.5995176
06524.png,0.08402622
04581.png,0.25387424
07619.png,0.4148766
06139.png,0.3868379
07251.png,0.4354512
06058.png,0.5475875
08635.png,0.32321927
04831.png,0.32595152
12032.png,0.5226463
09086.png,0.5420284
08764.png,0.56417936
03279.png,0.65068173
10704.png,0.4324979
08001.png,0.5488012
00313.png,0.71569324
00879.png,0.36771178
00308.png,0.7215953
11534.png,0.26312155
06876.png,0.3307256
06184.png,0.30870578
09228.png,0.61115164
08184.png,0.24003313
08573.png,0.6041145
04064.png,0.5423094
02206.png,0.5249196
09322.png,0.5140548
10715.png,0.42389998
07127.png,0.53778315
02839.png,0.43336535
12312.png,0.16493991
01919.png,0.55790865
03408.png,0.36569947
01748.png,0.90300184
12790.png,0.4016845
08771.png,0.40609252
01297.png,0.36745065
08728.png,0.3773359
05034.png,0.34764636
02879.png,0.14032355
07711.png,0.24188973
02118.png,0.22718504
13961.png,0.6299328
08201.png,0.16714013
08666.png,0.5161496
01250.png,0.6539567
12458.png,0.4527835
11857.png,0.65931237
06179.png,0.2903725
11129.png,0.43319103
06161.png,0.5750734
00552.png,0.94031554
08299.png,0.014356971
07502.png,0.48401564
08180.png,0.31942952
04087.png,0.70050776
13685.png,0.6174201
11166.png,0.3686334
06914.png,0.5291103
11571.png,0.59015924
11208.png,-0.06464046
12472.png,0.43114382
01414.png,0.47806016
03299.png,0.5582366
13414.png,0.3931707
09486.png,0.5000985
02217.png,0.40627146
00406.png,0.60034025
11828.png,0.66242564
03350.png,0.2885959
11614.png,0.5582714
01392.png,0.7471529
11689.png,0.122684956
01638.png,0.527912
03839.png,0.35002515
10744.png,0.3539989
05274.png,0.32782376
09746.png,0.44680652
02081.png,0.18922532
04804.png,0.2020669
01669.png,0.32984734
00377.png,0.77069485
02244.png,0.1988571
06169.png,0.23023318
00190.png,0.5581976
00561.png,0.7472958
11691.png,0.63636863
12966.png,0.25540048
10557.png,0.103532284
11371.png,0.6272911
05570.png,0.6315647
12011.png,0.4521731
02057.png,0.47389236
13918.png,0.7700238
10444.png,0.20471552
05344.png,0.5732239
07321.png,0.4112626
11333.png,0.24743843
09202.png,0.14989772
01826.png,0.556863
12776.png,0.3195151
09084.png,0.45290193
02201.png,0.20889771
01126.png,0.68857557
09590.png,0.3536213
06360.png,0.45632687
08375.png,0.29503822
10874.png,0.57538754
12262.png,0.22476669
02421.png,0.2492633
07053.png,0.5432535
04003.png,0.3079813
12625.png,0.5539333
00528.png,0.85516405
02411.png,0.26058885
02578.png,0.33711335
10658.png,0.5298607
04977.png,0.641185
02263.png,0.44063604
10380.png,0.7657928
01270.png,0.21403953
03600.png,0.5105241
12114.png,0.4330716
11587.png,0.13721213
06882.png,0.41036686
01830.png,0.38421664
11214.png,0.21288756
04297.png,0.24630563
12651.png,0.2785607
13052.png,0.1528104
08972.png,0.6634761
01094.png,0.41809478
09910.png,0.5922757
05165.png,0.3796158
08193.png,0.31023693
04168.png,0.07599655
03675.png,0.7154829
04525.png,0.19108784
05905.png,0.20931154
09417.png,0.1843288
06075.png,0.20163506
13673.png,0.628572
08224.png,0.45846516
04414.png,0.4313116
06346.png,0.28224754
13060.png,0.34681976
07766.png,0.21699476
08331.png,0.43874624
01494.png,0.06264278
00379.png,0.3163075
02400.png,0.35970297
00214.png,0.3480949
00118.png,0.47426155
07030.png,0.51922756
08900.png,0.6749404
07749.png,0.3420998
04853.png,0.248999
07422.png,0.5395734
06556.png,0.45772514
09245.png,0.44402775
02600.png,0.19284567
13520.png,0.65017235
12659.png,0.363737
09283.png,0.5541464
06893.png,0.47489133
05640.png,0.16524026
13439.png,0.641709
04636.png,-0.006090224
01978.png,0.23416978
11261.png,0.27892923
08706.png,0.56211764
05521.png,0.71368384
08434.png,0.26271665
04795.png,0.6030174
07907.png,0.36554176
09424.png,0.62722725
12246.png,0.14685524
11430.png,0.3438418
01766.png,0.5954983
04358.png,0.4573534
05838.png,0.4179399
07838.png,0.32086563
03733.png,0.13213709
06712.png,0.49289438
06032.png,0.42764083
01085.png,0.7092413
10967.png,0.43162805
08783.png,0.71484745
03147.png,0.023089916
11268.png,0.22967705
00845.png,0.1704278
12592.png,0.15385929
12857.png,0.15253049
01261.png,0.015245289
09958.png,0.5579773
06501.png,0.36310464
12828.png,0.1679155
11856.png,0.29614812
00304.png,0.79246014
10664.png,0.448901
06389.png,0.45094705
04123.png,0.7645575
10369.png,0.3776014
09827.png,0.22354065
04231.png,0.3194983
00187.png,0.6735777
01997.png,0.1004155
13528.png,0.6941261
03852.png,0.553594
00274.png,0.6625993
12416.png,0.09955788
09141.png,0.8048237
10475.png,0.78378165
08675.png,0.4153877
10513.png,0.12527177
04711.png,0.37286055
12742.png,0.13836002
11090.png,0.15704554
05174.png,0.45365876
10589.png,0.50460696
01750.png,0.4367447
07056.png,0.26243353
00140.png,0.6113543
04643.png,0.2608412
09605.png,0.6612471
05215.png,0.14132303
10161.png,0.3219977
09591.png,0.71367216
13426.png,0.4288221
11666.png,0.32278502
03132.png,0.30476773
02176.png,0.2469594
06285.png,0.2677406
08479.png,0.3568157
06577.png,0.56697994
09296.png,0.27004945
03144.png,0.324956
06864.png,0.7153202
07092.png,0.39242512
13351.png,0.36887193
07985.png,0.6451508
00600.png,0.7058091
06323.png,0.5924315
01003.png,0.74664897
11981.png,0.14444822
06603.png,0.2322216
11374.png,0.37425563
09949.png,0.43540233
09759.png,0.43999326
11392.png,0.52173173
05925.png,0.2192452
04171.png,0.23304406
01678.png,0.4332835
00352.png,0.82039165
08953.png,0.69955283
13467.png,0.1086044
02384.png,0.3519331
05068.png,0.5999576
05148.png,0.14058846
10498.png,0.55564165
06896.png,0.53195
10285.png,0.30975008
10593.png,0.31470507
06526.png,0.41407603
07400.png,0.04643807
11700.png,0.29783076
07081.png,0.3611603
02140.png,0.47817606
13314.png,0.57623285
13258.png,0.44618425
07348.png,0.34409875
12190.png,0.30131572
11217.png,0.004540801
11120.png,0.17951247
00671.png,0.69364965
08337.png,0.61395764
08085.png,0.40319836
02087.png,0.2381135
04899.png,0.567175
00181.png,0.7300879
00245.png,0.754439
04576.png,0.15188065
00773.png,0.37859535
03131.png,0.52708215
10592.png,0.35005695
00491.png,0.7902281
05840.png,0.25816187
01145.png,0.3965106
07881.png,0.12545642
04495.png,0.22172919
11548.png,0.58339137
12630.png,0.45255834
02587.png,0.11754894
08491.png,0.5898609
12755.png,0.17975876
08707.png,0.65807825
08709.png,0.50753444
00882.png,0.43086535
01611.png,0.45118618
13272.png,0.39864656
06406.png,0.65658057
05073.png,0.5341376
06450.png,0.28714108
10040.png,0.49590266
13064.png,0.28710574
00014.png,0.65823036
08204.png,0.23086384
13873.png,0.32725573
02524.png,0.065271884
08206.png,0.40304083
11754.png,0.514026
12566.png,0.43306255
10439.png,0.064456284
11319.png,0.35165903
01818.png,0.55270183
13110.png,0.17998764
08305.png,0.4420768
02137.png,0.34405547
03930.png,0.359558
11171.png,0.37972635
11492.png,0.51322573
06259.png,0.82028866
12930.png,0.26034713
02261.png,0.47386667
03941.png,0.56982476
08816.png,0.085897565
01466.png,0.424882
04596.png,0.14792112
07921.png,0.34804907
02985.png,0.050293863
10029.png,0.191598
11416.png,0.34205484
06069.png,0.5532735
13828.png,0.8401191
09811.png,0.48471034
01534.png,0.20253775
11724.png,0.44623905
04056.png,0.71287084
09941.png,0.45987868
10259.png,0.45332524
09851.png,0.5049583
00164.png,0.24756397
08012.png,0.009038687
02060.png,0.26187116
01994.png,0.21299705
00226.png,0.6879167
07395.png,0.419892
10743.png,0.7300334
07141.png,0.46576747
08006.png,0.6436795
04747.png,0.2837481
04687.png,0.100073546
13285.png,0.57311255
02826.png,0.3971302
09725.png,0.5142488
04595.png,0.10688993
05093.png,0.7253779
00944.png,0.3150134
10460.png,0.08290595
12377.png,0.3067131
00989.png,0.09946859
00834.png,0.18523559
08260.png,0.3766088
00887.png,0.38280794
05252.png,0.35636786
09574.png,0.60927653
06375.png,0.47867548
10476.png,0.26917988
07129.png,0.2608133
06338.png,0.54270667
03505.png,0.2585365
08376.png,0.52980834
10680.png,0.39306426
02090.png,0.5239626
09479.png,0.64236057
08190.png,0.3132959
01567.png,0.35890582
11304.png,0.71497554
09819.png,0.35500136
13877.png,1.0393581
04269.png,0.32822838
12931.png,0.16884655
00763.png,0.4398439
03514.png,0.8246407
11598.png,0.21539938
09613.png,0.40613538
13843.png,0.6079207
09789.png,0.5868583
00018.png,0.82371396
06111.png,0.28640258
03064.png,0.026461303
13876.png,0.80714977
05136.png,0.102772534
08517.png,0.34992552
05502.png,0.12377402
02712.png,0.09766677
02110.png,0.2584085
06902.png,0.4468326
02917.png,-0.064308584
09380.png,0.27446544
10713.png,0.35057697
03378.png,0.7219559
10043.png,0.6423819
09793.png,0.2726727
02767.png,0.14216569
09476.png,0.46565813
10211.png,0.3165743
10682.png,0.29763108
05508.png,0.025337368
08563.png,0.40558195
03411.png,0.5625283
07948.png,0.34735814
12886.png,0.21710461
04629.png,0.12038422
11082.png,0.19396615
11772.png,0.58636665
12575.png,0.43102843
08293.png,0.31634963
08879.png,0.6871479
08430.png,0.40407178
05381.png,0.25872573
11339.png,0.5858578
04368.png,0.45857862
12526.png,0.16635367
13622.png,0.79343486
07653.png,0.4813836
04029.png,0.33868998
07900.png,0.48487636
02192.png,0.36822963
07031.png,0.56859505
09979.png,0.6353177
08932.png,0.4759155
11006.png,0.43518683
05548.png,0.3379888
05307.png,0.5969929
02495.png,0.5166376
10988.png,0.47195557
13289.png,0.46382624
07572.png,0.3891945
13162.png,0.37062117
11648.png,0.4253752
12274.png,0.23175722
06530.png,0.36764246
09587.png,0.56780076
02729.png,0.18574426
13458.png,0.32156205
01259.png,0.36773854
05841.png,0.51297206
10117.png,0.40898347
06321.png,0.63270557
12999.png,0.10006508
11552.png,0.19473442
10544.png,0.07338759
07864.png,0.10668695
02517.png,0.060764074
12646.png,0.31871283
04097.png,0.38629258
07673.png,0.56708646
06701.png,0.3966571
00572.png,0.5602503
13829.png,0.6942727
03719.png,0.19500303
07875.png,0.09954429
13406.png,0.17807052
02252.png,0.57835263
00499.png,0.692265
04542.png,0.2995423
02607.png,0.44688436
00519.png,0.6269989
00823.png,0.3171057
05721.png,0.32598484
02994.png,0.04938689
07959.png,0.21638784
00930.png,0.4035399
00538.png,0.70273125
07552.png,0.53835684
08102.png,0.18881863
13331.png,0.5207114
04174.png,0.29048383
04024.png,0.19941312
11316.png,0.5850709
04742.png,0.2795589
01170.png,0.2190724
10808.png,0.49870402
05179.png,0.4500616
08820.png,0.18826082
12523.png,0.124115765
11045.png,0.07295528
05111.png,0.6400448
02440.png,0.47385794
04106.png,0.24764654
07404.png,0.49011952
05119.png,0.45477617
02475.png,0.37281722
10518.png,0.32061458
05644.png,0.30483782
06145.png,0.31841844
11247.png,0.514882
08330.png,0.7087723
11713.png,0.5828089
09261.png,0.67828625
11712.png,0.49376696
11163.png,0.21415398
13125.png,0.637337
04410.png,0.3977309
00042.png,0.39259955
02573.png,0.3183334
01658.png,0.5303812
09874.png,0.545999
01640.png,0.24753274
00201.png,0.28007185
11790.png,0.21113515
06158.png,0.46680835
01060.png,0.44512355
12189.png,0.2869624
03019.png,-0.015498191
01235.png,0.82731414
02619.png,0.2369399
04597.png,0.33160076
01275.png,0.043771744
11077.png,0.2127673
09423.png,0.5140593
13917.png,0.7569784
08220.png,0.593255
12001.png,0.13469008
13962.png,0.38014996
05062.png,0.6390302
07618.png,0.5434755
00641.png,0.7630532
05475.png,0.44041562
11035.png,-0.0034809113
08757.png,0.4172199
00476.png,0.8843656
07901.png,0.14510557
02380.png,0.22785679
04063.png,0.42372164
05706.png,0.60872954
13024.png,0.34078717
10891.png,0.51072896
03569.png,0.645946
11745.png,0.6447272
08561.png,0.474256
11343.png,0.6184363
10537.png,0.42824322
12425.png,0.445864
04999.png,0.3844459
04499.png,0.20568797
07099.png,0.33671057
05920.png,0.51285934
01252.png,0.70740324
05078.png,0.75075257
10115.png,0.60769457
03634.png,0.3779259
08042.png,0.35694668
06800.png,0.37453347
01386.png,0.45794278
09560.png,0.5660071
12916.png,0.36396363
02643.png,0.696671
01969.png,0.22147688
01643.png,0.49725524
11389.png,0.5449811
06020.png,0.63092387
05141.png,0.16222024
00725.png,0.10847789
12839.png,0.13706723
09672.png,0.5327769
01292.png,0.36331207
06550.png,0.5812151
06425.png,0.5236989
09095.png,0.5542342
13916.png,0.64518744
06866.png,0.3415168
01194.png,0.21836382
11677.png,0.19952604
12729.png,0.4040337
05385.png,0.31414694
02841.png,0.4620465
13909.png,0.6765676
07038.png,0.29581353
07109.png,0.31959406
13722.png,0.7460803
05654.png,0.19515419
07052.png,0.12679613
03017.png,0.035426527
05329.png,0.49917644
07690.png,0.13438681
07262.png,0.5724871
11393.png,0.37177405
07872.png,0.35796708
12244.png,0.2332823
05712.png,0.53092086
05433.png,0.42013532
05489.png,0.52627224
08406.png,0.4703144
08568.png,0.45881876
04152.png,0.33848786
13831.png,0.40507507
06883.png,0.57753396
09578.png,0.7666191
07745.png,0.45508036
04657.png,-0.020329505
07331.png,0.1537084
04046.png,0.73369
02499.png,0.27909636
02224.png,0.4654758
04482.png,0.38490567
09622.png,0.6336236
03016.png,0.07175073
06451.png,0.42314544
08213.png,0.8011971
05316.png,0.3999692
09541.png,0.66308457
08825.png,0.4140416
10111.png,0.15341765
11794.png,0.4524165
12958.png,0.23916417
05807.png,0.6291648
09821.png,0.5160212
05244.png,0.42070374
04144.png,0.19377553
02786.png,0.32292408
08692.png,0.5003715
09705.png,0.63859016
01687.png,0.70150334
05804.png,0.08131161
02006.png,0.23859079
02908.png,0.3178779
07029.png,0.2045429
12325.png,0.11126906
06934.png,0.35118932
12686.png,0.55099386
01274.png,0.54993874
00159.png,0.5835986
07906.png,0.45434737
13465.png,0.23150794
10334.png,0.49999586
05044.png,0.31405443
03667.png,0.62241846
10170.png,0.24896961
04948.png,0.48550883
04699.png,0.2523778
05189.png,0.58611506
06541.png,0.2514587
04991.png,0.65967745
11206.png,0.08788967
12205.png,0.31823102
12581.png,0.2187841
07520.png,0.47565058
12836.png,0.43957222
02092.png,0.20273736
03943.png,0.71316946
06476.png,0.31067258
10821.png,0.6000382
11067.png,0.08111635
13068.png,0.3060212
03636.png,0.53615856
13075.png,0.123723894
06038.png,0.49713215
00547.png,0.7586799
03567.png,0.821131
00272.png,0.6176868
11618.png,0.4371666
06982.png,0.59692734
12243.png,0.46646848
08919.png,0.552654
07882.png,0.15031028
00982.png,0.5895842
00637.png,0.5463895
04707.png,0.27617604
09055.png,0.5974072
10860.png,0.33357495
08663.png,0.70432013
12126.png,0.39920828
07274.png,0.30712757
08754.png,0.37983313
10979.png,0.44789132
01540.png,0.6850278
06052.png,0.27050573
09880.png,0.24914785
10408.png,0.11270785
12225.png,0.17712975
11353.png,0.5491018
05659.png,0.3127905
13360.png,0.5016607
10789.png,0.44104642
07069.png,0.184659
08884.png,0.6986971
01652.png,0.33124378
06328.png,0.33965647
07654.png,0.5694799
11212.png,0.20459938
09291.png,0.4690795
07214.png,0.43657732
01593.png,0.7131855
08574.png,0.4477961
01069.png,0.45237422
09011.png,0.5477989
08699.png,0.48881432
12173.png,0.5633017
12087.png,0.43440998
09460.png,0.37490138
01654.png,0.28735447
08382.png,0.16189477
12623.png,0.24541478
03730.png,0.605503
13355.png,0.36394924
00457.png,0.7998601
08327.png,0.42860448
04523.png,0.15321231
12494.png,0.6066084
11920.png,0.46932697
03368.png,0.5470757
10719.png,0.24688177
09734.png,0.5127709
03283.png,0.697808
12167.png,0.39500415
05909.png,0.0013275146
01073.png,0.6585416
03494.png,0.2272648
06880.png,0.4883365
04837.png,0.24589294
11809.png,0.52162606
06150.png,0.54741555
09386.png,0.47732386
13277.png,0.52529055
08173.png,0.25553674
13348.png,0.5746421
13951.png,0.5471437
02550.png,0.13600424
00787.png,0.34358215
03851.png,0.6699069
01501.png,0.33395863
10756.png,0.38485846
11767.png,0.70425034
13291.png,0.4523559
08433.png,0.21192458
13778.png,0.65081877
12169.png,0.20432574
05341.png,0.13016924
12543.png,0.4591736
05304.png,0.49323353
02707.png,0.13022792
12210.png,0.21819139
10810.png,0.4590261
03471.png,0.2231359
12655.png,0.69505
06754.png,0.533728
06291.png,0.65550274
03744.png,0.21344703
11574.png,0.2782235
12816.png,0.37529922
01570.png,0.112121046
02406.png,0.2077724
06683.png,0.02368334
12132.png,0.21349436
07378.png,0.15590382
10056.png,0.6581327
07613.png,0.5057728
04628.png,0.19266668
07960.png,0.73915136
02052.png,0.3534966
11079.png,0.16306281
13717.png,0.56829005
06608.png,0.5952693
01334.png,0.5436996
05168.png,0.32185584
03088.png,0.10226366
09928.png,0.5858099
10670.png,0.25147736
01043.png,0.48788902
11601.png,0.0013275146
08166.png,0.4063021
05518.png,0.0013275146
12629.png,0.12428048
01573.png,0.30109924
04860.png,0.29149187
06803.png,0.40279323
13763.png,0.4543459
08648.png,0.74690986
01685.png,0.40042967
06935.png,0.3747138
09150.png,0.08574098
08548.png,0.46882394
02379.png,0.52348375
01921.png,0.5355171
03496.png,0.90824234
07558.png,0.50833106
06256.png,0.576924
12284.png,0.5174196
05286.png,0.50187653
09966.png,0.44335347
08113.png,0.14630193
01869.png,0.6568866
10231.png,0.80454147
08314.png,0.34529626
08931.png,0.71471757
06943.png,0.5540551
13821.png,0.5735903
04655.png,0.19764227
06028.png,0.72730637
07483.png,0.10657263
00257.png,0.74030423
07329.png,0.11297876
10626.png,0.7383022
02330.png,0.5405835
04019.png,0.43112722
00724.png,0.30465865
10701.png,0.46692634
04645.png,0.10953832
02085.png,0.19050434
06746.png,0.32363123
03284.png,0.78894794
00949.png,0.09938672
10469.png,0.48780033
07544.png,0.35044223
03951.png,0.32335067
08226.png,0.70320576
10503.png,0.19753331
01282.png,0.40884966
13466.png,0.40648985
03488.png,0.34273088
10655.png,0.48829374
13470.png,0.19564322
09437.png,0.5691337
04678.png,0.2864118
06157.png,0.48489004
12030.png,0.25422418
08422.png,0.66787404
04944.png,0.5951674
07899.png,0.15504324
13906.png,0.567772
11671.png,0.48510158
06575.png,0.48947236
12829.png,0.42574573
02724.png,0.063660234
05948.png,0.1459654
00605.png,0.48907012
11056.png,0.070674956
01874.png,0.6397233
06271.png,0.37134975
12681.png,0.6043984
13393.png,0.54511786
11549.png,0.5590689
06747.png,0.4372611
12162.png,0.43736845
10381.png,0.28366506
03709.png,0.67053646
11946.png,0.48506427
07149.png,0.33646744
00256.png,0.76099634
13223.png,0.25727332
10662.png,0.3247667
10622.png,0.46016634
05567.png,0.5982651
09163.png,0.32853007
11940.png,0.2608869
11793.png,0.5746066
02473.png,0.09348902
05992.png,0.69146997
13869.png,0.65772617
07394.png,0.40886182
07286.png,0.35642576
03795.png,0.504132
08681.png,0.648996
00278.png,0.657531
02585.png,0.19438839
08332.png,0.31665614
05496.png,0.074243724
05155.png,0.374311
04816.png,0.25972217
07995.png,0.71250796
11640.png,0.38278925
09427.png,0.43342286
00874.png,0.47882673
11886.png,0.59098935
07503.png,0.37900674
09341.png,0.65878487
03681.png,0.3656467
02064.png,0.08673552
06278.png,0.40043372
10564.png,0.644403
12858.png,0.41481256
02124.png,0.33678892
12715.png,0.86304307
03120.png,0.25606245
06080.png,0.40005088
13811.png,0.64703375
00260.png,0.628308
10293.png,0.3653757
08732.png,0.49578902
07876.png,0.13654843
09976.png,0.47101453
11105.png,0.40781713
05687.png,0.3636398
03856.png,0.6278397
00402.png,0.6541616
05843.png,0.66003424
03974.png,0.35750693
12807.png,0.4804356
11558.png,0.569656
12450.png,0.23904844
04694.png,0.38020173
08311.png,0.61623394
12456.png,0.4815741
04708.png,0.36440295
06699.png,0.614711
09278.png,0.36091715
05528.png,0.11309597
05416.png,0.31521842
03641.png,0.8240143
05122.png,0.10136747
08148.png,0.39486495
01237.png,0.4351759
09751.png,0.13035
12499.png,0.14437905
08580.png,0.47183144
11026.png,0.39488086
10357.png,0.3280413
12777.png,0.5153642
03964.png,0.5201166
10510.png,0.42424878
03754.png,0.64920753
00532.png,0.6052134
07715.png,0.17284736
13365.png,0.5393787
00665.png,0.7750555
04891.png,0.47165677
04030.png,0.27622917
02054.png,0.5351524
11966.png,0.31450218
13518.png,0.38057482
10990.png,0.5466369
13571.png,0.71208096
05107.png,0.68329275
01102.png,0.32656062
05166.png,0.4568164
02528.png,0.07869437
08598.png,0.41882432
11958.png,0.44963142
03028.png,0.0073977113
13890.png,0.6800552
09177.png,0.119282275
06861.png,0.23356219
01236.png,0.42564178
00621.png,0.7633778
10822.png,0.5761625
05891.png,0.32522807
04772.png,0.36982718
01302.png,0.49888867
12944.png,0.31905493
12390.png,0.488943
12365.png,0.33064476
13126.png,0.51399255
01432.png,0.39704764
04911.png,0.48000917
09200.png,0.058658153
12163.png,0.349421
06643.png,0.22350961
02515.png,0.11234185
07848.png,0.5933594
12518.png,0.57499146
11329.png,0.5134595
11511.png,0.20549437
05053.png,0.4225692
09184.png,0.00095012784
08920.png,0.63061893
05601.png,0.33651513
13459.png,0.22354314
07857.png,0.10696846
09952.png,0.66526616
09678.png,0.60678864
01347.png,0.73750645
06544.png,0.22814721
03412.png,0.6178707
04823.png,0.28407112
11020.png,0.68795764
03474.png,0.50936806
09855.png,0.4406595
06311.png,0.566746
11321.png,0.05612725
12595.png,0.4314758
10491.png,0.45394507
05762.png,0.27074802
09533.png,0.3669548
12161.png,0.47562888
13014.png,0.42189708
03858.png,0.74789727
02033.png,0.12976766
04436.png,0.40391615
08407.png,0.5622641
04281.png,0.48279738
09701.png,0.44604948
09287.png,0.5712267
13742.png,0.59082186
01881.png,0.6935145
09044.png,0.6344719
13085.png,0.30657187
05543.png,0.46858767
10858.png,0.028577447
03447.png,0.4003806
01894.png,0.22841969
07924.png,0.34338206
04290.png,0.38225
04672.png,0.14467725
04800.png,0.37261108
00265.png,0.76060426
10862.png,0.3824412
04915.png,0.52568436
05775.png,0.3117047
06409.png,0.30130833
02214.png,0.45275855
12491.png,0.23216598
06967.png,0.46326432
12945.png,0.20813173
09003.png,0.4901321
04602.png,0.025455505
01002.png,0.27032235
02984.png,0.043331295
02545.png,0.12862554
04668.png,0.022048056
04503.png,0.63937503
00521.png,0.77158403
04391.png,0.24497889
08360.png,0.6592059
01842.png,0.3675977
06443.png,0.31373584
07814.png,0.19865212
12819.png,0.43278906
02180.png,0.59213006
03673.png,0.64974385
11255.png,0.48368853
10844.png,0.33741352
11069.png,0.17872918
09306.png,0.4061672
06481.png,0.02355799
04544.png,0.59125286
07261.png,0.3601296
07972.png,0.27860618
04283.png,0.3446712
06226.png,0.6181448
00378.png,0.8229968
06807.png,0.55969566
11078.png,0.1089665
07566.png,0.3619605
04741.png,0.2960503
11228.png,0.056560248
05585.png,0.22638693
13270.png,0.5707892
10932.png,0.3041817
07243.png,0.16392711
11653.png,0.31266746
05873.png,0.34412283
05786.png,0.2009772
06690.png,0.45961103
09606.png,0.583074
04388.png,0.22387998
08336.png,0.6524724
08718.png,0.19755536
00728.png,0.4355375
04674.png,0.11941385
01670.png,0.25701654
01204.png,0.8553701
11559.png,0.38765272
04424.png,0.21281531
10198.png,0.42232868
12044.png,0.4055133
07088.png,0.50463027
07466.png,0.55623925
03782.png,0.577698
13545.png,0.56735957
07793.png,0.6146846
09805.png,0.36094558
12097.png,0.22714563
06945.png,0.58443654
07010.png,0.44701704
00608.png,0.7073451
09867.png,0.57729197
04309.png,0.36767036
10986.png,0.34219033
01933.png,0.4999127
04507.png,0.49423793
12036.png,0.4827942
04111.png,0.34248132
04574.png,0.35186836
00534.png,0.7874274
07449.png,0.18609074
09352.png,0.51488
00380.png,0.8562564
08014.png,0.020038038
00952.png,0.7458374
02865.png,0.36188373
09796.png,0.49032116
10344.png,0.47328052
12947.png,0.25082028
05048.png,0.70843816
10139.png,0.51112264
11337.png,0.25299126
10265.png,0.63722944
11458.png,0.41412684
07112.png,0.5308576
13784.png,0.754431
05319.png,0.54818964
03849.png,0.4016437
07218.png,0.40826446
00644.png,0.6784514
10881.png,0.5216409
10393.png,0.19310617
01343.png,0.4452724
11029.png,0.4525428
00464.png,0.8079839
00273.png,0.27039164
01136.png,0.69391084
03638.png,0.23965226
07952.png,0.57912046
09092.png,0.8001306
10299.png,0.5027767
09413.png,0.48925215
00459.png,0.6435634
12356.png,0.40995362
04927.png,0.610858
13037.png,0.59878266
13611.png,0.5394316
12706.png,0.77359056
04665.png,0.18585992
06277.png,0.601958
00238.png,0.5911993
05911.png,0.2233617
07941.png,0.59515643
05342.png,0.25976428
11087.png,0.31134397
05315.png,0.5133431
11824.png,0.3280905
13030.png,0.18024325
06916.png,0.5244483
13309.png,0.45721695
00722.png,0.08829126
13179.png,0.25958493
03076.png,0.016949147
04129.png,0.36503756
04630.png,0.031664163
01217.png,0.712397
13121.png,0.37497213
12409.png,0.24018458
07530.png,0.32008472
02923.png,0.41070238
03223.png,0.2821465
04894.png,0.5148079
00507.png,0.37783653
13323.png,0.58142185
04943.png,0.47284558
13212.png,0.04839903
08230.png,0.6187409
10164.png,0.5127259
10550.png,0.13084143
01943.png,0.5197889
08198.png,0.19600901
02869.png,0.34731758
00121.png,0.8098904
13537.png,0.4674965
09340.png,0.43120515
04713.png,0.38821092
11002.png,0.5650876
09156.png,0.23319872
04635.png,0.2729617
10997.png,0.42226863
07256.png,0.3650963
11176.png,0.22708964
05690.png,0.27033997
02709.png,0.076385766
00760.png,0.19833449
02627.png,0.37600893
04149.png,0.27944618
00462.png,0.85904783
07576.png,0.4761563
02182.png,0.088784456
03341.png,0.41410285
03075.png,-0.00793907
07367.png,0.4416392
12572.png,0.13701582
01785.png,0.37062916
06774.png,0.50106424
11537.png,0.4357611
09909.png,0.46264896
03188.png,0.63086295
05856.png,0.28395292
00785.png,0.33644706
11581.png,0.31994984
06171.png,0.60840803
12915.png,0.18678498
06739.png,0.64522547
10201.png,0.47170594
00628.png,0.7291519
09469.png,0.74328697
07894.png,0.040341944
04002.png,0.12723747
12245.png,0.17422557
06560.png,0.24185172
06604.png,0.48264566
03353.png,0.48502424
02828.png,0.3183102
11737.png,0.6995341
02291.png,0.29792875
04676.png,0.37407932
11469.png,0.55534834
04972.png,0.5503211
07227.png,0.3416626
12440.png,0.16031295
01376.png,0.37022248
09205.png,0.09209445
02898.png,0.13812411
03043.png,-0.019068211
10735.png,0.5200945
10147.png,0.47189713
01424.png,0.5278861
00039.png,0.26695386
11192.png,0.47196954
07436.png,0.36684328
06680.png,0.19636604
02267.png,0.508562
07688.png,0.39760554
13966.png,0.6944745
12747.png,0.2766397
04501.png,0.3828951
11631.png,0.18407017
00045.png,0.60011464
08296.png,0.284595
12968.png,0.26003367
02402.png,0.48538762
05266.png,0.73353744
08892.png,0.08247799
03970.png,0.4320768
00119.png,0.70475125
13938.png,0.54609096
06543.png,0.21940489
01892.png,0.6681683
08099.png,0.19880119
12952.png,0.22635674
10826.png,0.21434107
04721.png,0.33578962
00393.png,0.53622824
05561.png,0.5193264
02759.png,0.18970293
12100.png,0.679079
13294.png,0.5390964
07168.png,0.61220556
10004.png,0.6571357
07453.png,0.2919104
01844.png,0.4624698
10281.png,0.55859536
08124.png,0.3249238
08634.png,0.4711269
02288.png,0.24341871
08139.png,0.21681696
13679.png,0.29160607
06942.png,0.3461514
05470.png,0.18436247
09626.png,0.6232821
11753.png,0.5236132
08269.png,0.6242741
11877.png,0.0963673
03481.png,0.86049116
02162.png,0.17445466
00169.png,0.56766504
12354.png,0.3858168
08788.png,0.33966362
02177.png,0.5142424
01218.png,0.55624217
00584.png,0.3851449
01559.png,0.3507444
07946.png,0.38539293
01271.png,0.5399308
04036.png,0.4460511
13807.png,0.40044975
00032.png,0.43199942
13417.png,0.3644623
03747.png,0.6491753
01829.png,0.60776734
03439.png,0.68072677
12348.png,0.1962201
12618.png,0.4199726
07043.png,0.44362736
07474.png,0.4504013
02551.png,0.25152588
05862.png,0.4974305
08940.png,0.54221463
03157.png,0.7163907
09398.png,0.4473561
13386.png,0.3926719
09016.png,0.853514
06586.png,0.061451018
10037.png,0.45251033
04323.png,0.5692979
03267.png,0.7840879
09932.png,0.67471683
02519.png,0.29388863
11639.png,0.67733574
08233.png,0.33836406
10012.png,0.658284
02175.png,0.304021
05164.png,0.26107296
08746.png,0.4016277
01238.png,0.8012554
02860.png,0.11492747
13752.png,0.6262625
09945.png,0.42374215
08827.png,0.52760994
07763.png,0.27194664
04121.png,0.56754875
05557.png,0.55682
05419.png,0.43938535
10630.png,0.5369403
13301.png,0.20422858
11127.png,0.41846606
01240.png,0.4416033
10995.png,0.4522758
05897.png,0.45314547
02805.png,0.24875857
05732.png,0.4103135
08403.png,0.44579315
03824.png,0.72319674
01082.png,0.34315062
06474.png,0.2340317
04014.png,0.5145641
00050.png,0.45089942
07252.png,0.27045363
12683.png,0.44095224
06638.png,0.4425911
07937.png,0.66742206
10051.png,0.47766596
13767.png,0.6780976
06472.png,0.24969976
09826.png,0.55662286
03921.png,0.44378382
04188.png,0.79750586
05602.png,0.33967954
03538.png,0.50726306
11556.png,0.42986226
11623.png,0.35035387
01662.png,0.51681846
05682.png,0.5076007
09634.png,0.15333313
05555.png,0.30227414
00220.png,0.8495399
02458.png,0.30218655
05362.png,0.38947952
09484.png,0.4120388
04555.png,0.20596662
11602.png,0.39845484
07337.png,0.6900445
00460.png,0.5535384
10906.png,0.44245112
11372.png,0.38987488
09847.png,0.4316273
05788.png,0.4740963
12364.png,0.393328
13203.png,0.328296
08209.png,0.40894952
12652.png,0.69146085
01743.png,0.29684573
06088.png,0.5642242
01399.png,0.3416391
00176.png,0.4034427
06041.png,0.7175718
06846.png,0.6927014
01595.png,0.5665549
04115.png,0.34022444
03018.png,0.009413689
00791.png,0.3306186
12303.png,0.107893765
10202.png,0.1213254
09757.png,0.253608
01569.png,0.13736734
09290.png,0.6901377
12710.png,0.59435797
07605.png,0.31335738
11265.png,0.5942623
06974.png,0.66762096
00366.png,0.72470796
13523.png,0.30598998
04946.png,0.55172694
00188.png,0.56170285
00016.png,0.25679696
10451.png,0.26432502
13151.png,0.2908854
13058.png,0.34042984
05857.png,0.41769385
06209.png,0.57835865
11030.png,0.5913429
08119.png,0.5142497
00992.png,0.541937
12737.png,0.6458166
00180.png,0.5101976
04254.png,0.44479278
00555.png,0.5929549
02220.png,0.111872494
13293.png,0.45709702
11661.png,0.35773122
13053.png,0.28062296
02134.png,0.4023648
05655.png,0.3990101
11440.png,0.5227677
11384.png,0.25732797
09249.png,0.5293326
05407.png,0.23057805
08546.png,0.50425386
06647.png,0.73422056
01167.png,0.37330285
04202.png,0.70681125
01231.png,0.26158714
02030.png,0.09001759
00125.png,0.5128964
10454.png,0.10789132
05710.png,0.3297162
05191.png,0.2714973
03266.png,0.45903552
10969.png,0.2830286
09841.png,0.59100085
04221.png,0.6014192
06976.png,0.58007574
07977.png,0.6232026
11744.png,0.7994156
02531.png,0.04201308
07755.png,0.4660831
01911.png,0.75476956
10388.png,0.05446136
09391.png,0.6544165
10423.png,0.23116891
11764.png,0.5504313
06082.png,0.38632292
02466.png,0.11962634
12548.png,0.3604218
06646.png,0.45215657
09070.png,0.8600878
00133.png,0.5016881
09650.png,0.2611727
06244.png,0.39260712
13209.png,0.16581854
06542.png,0.47775367
11934.png,0.50372046
06258.png,0.6248349
12593.png,0.33351663
02746.png,0.1457454
04103.png,0.593473
12846.png,0.20921594
08175.png,0.3752869
08682.png,0.38618934
06710.png,0.5588231
09711.png,0.3759912
07760.png,0.14211884
07353.png,0.033114493
09109.png,0.7117212
13735.png,0.5327126
00893.png,0.3270206
00828.png,0.50149816
13448.png,0.2127935
00775.png,0.36577284
02171.png,0.34421772
08427.png,0.4409629
05375.png,0.07794821
08027.png,0.04839176
10312.png,0.224526
01509.png,0.39910612
00837.png,0.15165249
08225.png,0.30078214
09190.png,0.11143747
06805.png,0.50998497
03020.png,0.047139257
12599.png,0.18617824
04993.png,0.47540972
09399.png,0.5081827
08495.png,0.28329736
01524.png,0.2083315
06071.png,0.24705257
05036.png,0.3474204
06631.png,0.5230699
11470.png,0.70457727
08654.png,0.44005156
05281.png,0.213635
10189.png,0.61448926
09036.png,0.6344706
07685.png,0.54761535
02689.png,0.21789908
02940.png,0.47419143
11576.png,0.5212948
10884.png,0.33327973
09211.png,0.6244901
08590.png,0.4916053
00449.png,0.6453849
11009.png,0.4279213
10628.png,0.5282191
03125.png,0.43012434
09187.png,0.053228498
03916.png,0.41189113
11432.png,0.4473695
10222.png,0.08006543
07025.png,0.25398043
13954.png,0.6223665
13599.png,0.8420039
08073.png,0.21684903
05526.png,0.2974644
05824.png,0.4518393
06894.png,0.42668298
03880.png,0.81893647
04906.png,0.5297417
09135.png,0.55315995
10827.png,0.4207297
06204.png,0.5361302
12612.png,0.59973574
13840.png,0.7247424
13257.png,0.36549807
09597.png,0.40684807
11838.png,0.4964929
03848.png,0.3069378
04402.png,0.35179818
10288.png,0.46662557
07829.png,0.42899188
00103.png,0.32256758
12427.png,0.34341848
07541.png,0.117056906
02442.png,0.48103926
05150.png,0.24733162
09963.png,0.60918975
12482.png,0.5639453
09064.png,0.520393
13771.png,0.6176202
12631.png,0.22228877
00768.png,0.5665583
00167.png,0.66796446
11305.png,0.50768554
04287.png,0.4154453
09537.png,0.69903696
06787.png,0.49019197
05976.png,0.3325348
01109.png,0.33439445
08485.png,0.4238724
13515.png,0.32785743
07701.png,0.42089713
11147.png,0.29033157
00522.png,0.81503844
02513.png,0.419731
13568.png,0.6455915
09117.png,0.79664874
01961.png,0.32203168
05158.png,0.4873548
06042.png,0.5157433
05210.png,0.35809347
01985.png,0.1282686
05006.png,0.2739852
12037.png,0.17125136
06533.png,0.49838734
10940.png,0.08291659
08813.png,0.21741703
08040.png,-0.0076462626
02799.png,0.19110319
10411.png,0.17722175
11606.png,0.3603043
03701.png,0.41568738
03039.png,-0.016767502
09366.png,0.4175979
08456.png,0.61263174
07801.png,0.24001652
05798.png,0.26327616
13534.png,0.65097594
12029.png,0.21009308
00640.png,0.6706109
06138.png,0.5194823
01363.png,0.4707463
02070.png,0.13993275
01118.png,0.3417414
08420.png,0.27868187
03697.png,0.47620508
04753.png,0.19186136
07823.png,0.54579914
05858.png,0.10514018
13259.png,0.24785
07388.png,0.14120322
12107.png,0.1380404
12713.png,0.6052903
05412.png,0.14318085
00369.png,0.5554003
06248.png,0.4604156
07880.png,0.67477596
01772.png,0.32887465
13505.png,0.50612116
05581.png,0.32867682
04769.png,0.2356506
04892.png,0.56502265
12470.png,0.13587713
13933.png,0.868577
11811.png,0.41618812
08421.png,0.36728474
07423.png,0.6921087
04615.png,0.12889776
00632.png,0.16493264
09850.png,0.4887588
05863.png,0.0013275146
04794.png,0.34893358
10316.png,0.3879971
08929.png,0.13188562
03558.png,0.6831628
09950.png,0.37780368
10098.png,0.43443066
05183.png,0.37833786
01072.png,0.66872233
05582.png,0.42992952
07354.png,0.8089728
12328.png,0.27026188
05998.png,0.42337805
12589.png,0.5244235
00575.png,0.74407876
12327.png,0.2665285
09060.png,0.87345016
12530.png,0.21717107
11314.png,0.43428338
11577.png,0.46718484
07435.png,0.6954614
01312.png,0.640634
04866.png,0.22227359
02004.png,0.15458998
09189.png,0.26865518
04488.png,0.16707405
05031.png,0.25896093
04832.png,0.35594392
05753.png,0.12117213
11862.png,0.6806619
05924.png,0.37992534
09059.png,0.6932548
05933.png,0.47796097
00294.png,0.78901863
08876.png,0.38331738
04951.png,0.56121033
07721.png,0.3780799
05178.png,0.23304491
09235.png,0.35523918
13759.png,0.575701
08722.png,0.60900605
09568.png,0.57861435
03048.png,-0.019089043
01930.png,0.2203436
05268.png,0.3252865
02875.png,0.41782877
12640.png,0.5468509
09614.png,0.67383504
01615.png,0.47998917
00396.png,0.82852554
12826.png,0.24993226
10538.png,0.5361078
03660.png,0.54635143
07298.png,0.28841257
12728.png,0.45536348
09274.png,0.56611264
00597.png,0.5481429
13532.png,0.48450065
10722.png,0.20073014
13492.png,0.52808136
01357.png,0.47141796
10225.png,0.31854078
11234.png,0.015949696
03864.png,0.23258461
09905.png,0.39603424
09033.png,0.4313754
07171.png,0.303913
01467.png,0.31256294
05352.png,0.38916993
03078.png,0.20854369
13957.png,0.64186835
06413.png,0.25912237
13122.png,0.51946914
05474.png,0.81804556
08493.png,0.40051648
11092.png,0.4015848
03803.png,0.39228565
00223.png,0.8221705
11114.png,0.15107524
06095.png,0.2769531
13396.png,0.48767686
12604.png,0.3272441
00580.png,0.6789142
11502.png,0.50883406
02084.png,0.38002586
02891.png,0.1876828
11015.png,0.6356811
09188.png,0.09749755
01530.png,0.5562821
07077.png,0.19740272
04589.png,0.46596122
04041.png,0.1642749
07139.png,0.6063088
09939.png,0.4170977
12330.png,0.26521152
06881.png,0.5043938
13002.png,0.27188164
07537.png,0.34545264
05420.png,0.097658485
05563.png,0.5769665
01267.png,0.3282545
03427.png,0.42926082
08833.png,0.31657007
08083.png,0.17963007
00094.png,0.7560216
13032.png,0.22331412
08122.png,0.20820689
07980.png,0.49949217
13230.png,0.451524
08244.png,0.6351255
13430.png,0.44178388
12515.png,0.44328558
11973.png,0.46366805
00233.png,0.7784687
05625.png,0.3434732
07753.png,0.07489717
06784.png,0.31717795
10991.png,0.44896695
03485.png,0.59641826
02335.png,0.45383906
03420.png,0.76131177
06357.png,0.4417713
04343.png,0.09495783
08182.png,0.44574946
07170.png,0.38446057
03648.png,0.6258794
03448.png,0.4105186
01346.png,0.7797936
06477.png,0.3139869
11065.png,0.10169172
02754.png,0.17571747
03671.png,0.40608293
04384.png,0.16546655
10618.png,0.42163816
09897.png,0.53146696
02260.png,0.25408885
06125.png,0.4522606
06939.png,0.34052306
07090.png,0.35232678
10283.png,0.40144423
08512.png,0.41148615
04700.png,0.28809047
07037.png,0.42486498
07405.png,0.50817955
09516.png,0.56610197
09204.png,0.17231488
07624.png,0.19810364
07607.png,0.34931704
08253.png,0.52413523
00808.png,0.26542604
05540.png,0.58127916
10074.png,0.5784831
07159.png,0.45350632
09491.png,0.08434796
02819.png,0.48661226
08789.png,0.39252204
13579.png,0.44635147
09716.png,0.18545786
02119.png,0.42064855
11169.png,0.43642035
02576.png,0.28547683
01915.png,0.41833952
03210.png,0.28586626
00581.png,0.6843302
11356.png,0.7043802
05547.png,0.2961482
10649.png,0.50985813
09415.png,0.42685413
01856.png,0.54898185
03180.png,0.15166342
05452.png,0.22814718
00338.png,0.7072472
01096.png,0.46523967
03833.png,0.28209397
10786.png,0.3790789
05997.png,0.2866647
00719.png,0.41787985
07020.png,0.29640955
01425.png,0.22905895
07672.png,0.2847448
03889.png,0.41406232
04067.png,0.7067206
06152.png,0.46281254
13106.png,0.56315386
09474.png,0.359686
09076.png,0.6290362
09017.png,0.7918224
11842.png,0.46407187
04159.png,0.56483734
05275.png,0.46498844
13862.png,0.45826098
02509.png,0.5543049
11947.png,0.22728343
04617.png,0.20473206
05076.png,0.44496614
10929.png,0.25058472
06871.png,0.500112
08478.png,0.3075895
04770.png,0.18184486
13168.png,0.40188548
12607.png,0.48640734
01083.png,0.34297904
06873.png,0.6058619
04827.png,0.43501347
03948.png,0.39610246
02595.png,0.18990725
08582.png,0.5124862
12128.png,0.09770778
10916.png,0.34161532
13164.png,0.38618103
13793.png,0.6150206
04399.png,0.49069506
07867.png,0.25124258
13457.png,0.31925666
05814.png,0.5808694
11526.png,0.46871826
11813.png,0.23108457
08874.png,0.59359306
08265.png,0.4008499
01817.png,0.4094736
09982.png,0.5579673
07667.png,0.4083979
09611.png,0.55358815
10370.png,0.4187827
08860.png,0.555423
04000.png,0.3208961
12366.png,0.26419133
04105.png,0.31346884
05589.png,0.6152471
08267.png,0.42238614
04974.png,0.6355165
07513.png,0.22972117
01106.png,0.5059961
04880.png,0.50611246
06133.png,0.15867299
09652.png,0.18632022
03515.png,0.5735074
04761.png,0.21891463
04448.png,0.33712107
03042.png,0.018951952
10006.png,0.63152736
06900.png,0.5282449
00487.png,0.8062817
11891.png,0.3577785
04376.png,0.22834998
07810.png,0.66118246
04250.png,0.5910466
03725.png,0.76584107
05879.png,0.22670795
07346.png,0.51280034
07639.png,0.15475902
07084.png,0.48560637
07161.png,0.37621045
06109.png,0.4321139
07491.png,0.32480866
10996.png,0.37419316
09992.png,0.697088
02284.png,0.2232502
13248.png,0.34856796
01121.png,0.35866696
02975.png,-0.048219383
07051.png,0.24069035
10739.png,0.34345382
08350.png,0.35947132
00619.png,0.68350804
04089.png,0.41430825
11752.png,0.5960078
10571.png,0.1066187
04965.png,0.7079152
